score,cleaned_text,date,sentiment_score
1958,former store one minute happened yesterday store number censored protect former employee,2023-11-04 14:31:47,0.3182
1927,even get pro anymore soo renewal point k welcomenew guestsand cant use dollar coupon posa allthat sold pro lolthey tanking program purpose,2023-10-30 11:09:22,0.0
1221,gamestop employee get fed kick everyone store lock leaf,2023-02-04 15:19:15,0.0
1191,ordered steam deck gamestopcom received card zero ability get followup calling submitting online audacity say return store else cost money phone,2024-08-10 12:00:36,0.3182
1171,anyone else hear letter taped door gamestop store michigan,2023-05-18 20:36:32,0.0
1159,customer returned used pokemon game shiny pokemon customer come return used pokemon alpha sapphire shiny mudkip came store said wanted return game asked wrong said fake cartridge pokemon game knowing fake cartridge look like took look nothing seemed ordinary asked made think fake said fake started game chose mudkip pinkish purple instead usual blue color taking time explain shiny pokemon average rate finding one letting know spot fake cartridge managed get keep obviously lucky game,2023-09-26 16:11:23,-0.9231
1151,yall like sign p anyone el store,2023-10-12 01:22:29,0.3612
1052,caught kid trying scam gamestop today went little way today gamestop never heard largest selection p title store city wanted check anything looking browsing wall noticed kid crouched next use pocket knife cut preowned p controller bag peg took controller folded bag put pocket little surprised nobody else caught middle loud bag two employee store busy chatting behind counter could say anything kid popped took controller counter kid trade store credit followed counter waited right time intervene obviously uncool kinda scrawny seemed harmless mildly amused situation let thing play little here favorite part employee plugged controller test immediately showed crazy drift left joystick right wall informed kid theyd defect kid said fine point decided good time say something anything wound getting processed chimed ask kid thought maybe pay controller first trading turned gawk employee behind counter asked meant explained seen kid said thats fucking bullshit told check camera point kid started muttering bolted store normally see someone shoplifting food grocery store whatever mind business look way straight hoodrat foolishness,2024-06-23 23:03:46,0.07
986,thank applied year ago might give take year heck,2024-06-08 15:58:47,0.3612
905,ryan cohen sent email gamestop corporate employee,2023-09-28 16:38:31,0.0
871,promoted guest first time posting get physically threatened stuff thrown trade couldnt take dead phone likely stolen called cop first thing tried calling manager dm neither answered minute manager gave go close store safety dm said gave answer fuck gamestop fuck solo coverage shit,2023-08-02 13:42:07,-0.8298
841,tradeins one guest probably brought increment sorry family definitely sorry,2023-04-30 22:01:49,0.2732
839,share satisfaction,2022-09-21 15:48:34,0.6249
801,gamestop home,2023-11-06 13:46:40,0.0
659,every time,2022-12-23 06:26:55,0.0
647,everybody quit happens repost removed location question still stand happens happened,2024-01-13 14:55:05,0.0
638,someone traded,2022-09-08 02:36:09,0.0
628,sound familiar,2023-11-27 16:29:04,0.0
623,steam deck store soon head yall,2023-07-10 16:03:15,0.0
622,worked god war ragnarok launch didnt know else take home extra pizza,2022-11-09 00:49:30,-0.4215
616,know regular name bring taco work taco truck know maybe third customer name fairly small location lot regular make conversation well,2023-05-03 15:27:44,0.2732
582,insane person traded entire collection feel incredibly bad person really wanted street fighter ig,2023-05-31 13:18:34,-0.6838
577,soi got robbed top week ten minute close guy tell im sweet doesnt wanna shoot gun took everything register new thank goodness cause serial number console apologize thought pulling long transaction right closethen said gun sunk spent two hour police district manager call soany uhanything im kinda shocked happened idk doi feel like take time bill store hasone person thought edit ill add extra information since saw dm yesterday day take classified wellness classified something else honestly way better expecting cant really ask mid shift asl staffing specific location pretty bad right considering associate lot medical issue getting lot help location anyone saying deserve kindly see comment section thank mod assume yall helped already district manager gave ton great information going bit hand next week help hiring desperately needed thank everyone supportive reached crisis therapist,2023-10-22 21:10:54,0.9882
572,employee local gamestop yelled late early morning go bloodwork got done decided check gamestop know previous experience local one open think bit cause could sworn opened neither walk lab gamestop minute find store still closed decided wait turned music waited waited waited checked phone saw leave saw irate dude come barreling toward asking wat outside store explained huffed began open door told wait outside store cause fair open one customer im confused point cause likeyall open half hour past supposed open way go look around seems following asking need help said continued looking around one point saw game texted roommate one looking guy came accused shopping amazon store said disrespectful tried explain im checking roommate buying game said whatever went back counter found two game went counter put whole act surprise actually buying something asked use credit got annoyed took long time get everything going transaction told leave asked receipt got even annoyed like real clue problem sure go back,2023-07-22 23:51:42,-0.3612
567,gaming opinion would defend like,2022-12-09 11:03:11,0.3612
566,generous pokemon man middleaged regular come probably time month buy pokemon card son today alone bought two pack plus one free via promotion dollar monthly plus five dollar coupon zero pocket ringing young boy mother going buy one pack boy asked could get second pack could get free one overheard mother say couldnt afford assume man heard well right finished checking three pack turn around give three little boy say good luck hope get something good say good one leaf customer terrible people ill try hook somehow next time see,2023-07-07 13:53:19,0.951
551,anyone tell gamestops still old halo mural store seriously year,2024-07-26 17:10:19,-0.1779
540,gamestop sell movie im movie collector insider hear interesting best buy get gamestop possibly want brings unopened still wrapped grave firefly steelbook g give buck,2023-11-23 09:50:54,0.6808
523,kid came trade console got call telling accept adult right thing yesterday kid came trade two console p xbox series everything p xbox told wouldnt worth bring missing component xbox uncle valid id uncle say he gonna step smoke chop men outside say okay im trade woman phone call asks two kid perfectly described trading p told yes assertively said let trade console said uhm okay told kid phone call gotten kid said okay god mother freaking mother said yes showed text mother adult course went trade mean dont know phone adult store text supposed mother turned,2023-08-04 15:25:23,0.9374
505,number number number,2023-05-30 15:03:00,0.2263
501,gamestop want gift back,2023-10-16 15:42:45,0.4939
500,oh old school right none woke sh online order pick ok name name name order oh susan smith ok sir right ill bet youre susan id matching last name order number last name married right may last name good enough id pulling wallet yea took last name get right take last name uh huh sure thing see get old school none woke sh woman take man last name ruhisir here order nice day,2023-11-26 09:46:03,0.836
494,uh think local gamestop long earth open hour week,2024-04-10 10:28:19,0.0
486,fuck,2023-08-10 19:06:46,-0.5423
486,spending midnight release nothing better smash tourney midnight release,2023-10-19 21:05:18,-0.3412
476,favorite thing working easter every single customer asks yall open today holiday home brother christ im open today decided trade discless xbox one easter,2023-04-09 12:55:01,0.6908
469,preowned underwear anyone,2023-07-03 12:17:14,0.0
468,saw random tweet twitter thought funny see someone el perspective blurred handle,2023-06-02 14:53:44,0.4404
464,whats wrong people last night guy walk teenage son hi may help guy continues walking counter put power cord front without saying damn word guy stared looked confused suddenly snap finally say something guy pick cord held front face video store right video store right right guy look cord cord guy walk rage said dumbass motherfucker dude walked counter dropped ghetto as busted piece shit cord without saying single word aint mind reader speak little shit,2023-11-08 02:27:07,-0.9659
455,thankful shopping store close lol want go home bryan,2024-04-26 14:25:13,0.7783
455,reply post sga made simply proud well organized section q community even employee,2023-11-12 16:07:16,0.6369
452,went purchase pack pokemon monthly employee cashed k point went store purchase pack card using monthly coupon walked thinking everything great got email earlier point redeemed except two email one one day store seems like employee bought two gift card point edit learned cant find used store wont pick phone emailed gamestop sure anyone would risk job something like shrug edit contacted customer service got transaction look like employee waited min bought amiibo point idiot hopefully needed he going get selling job,2023-07-22 14:08:57,0.9371
450,guy came angry overcharged zelda prerung left came back crowd died angry asks charging msrp zelda pull phone say website asks thats correct price confirm pull receipt point total say asks cost extra look dead eye sir live state charge sale tax face drop realizing fd bro easily well location isnt near border state doesnt sale tax anything legit forgot thing,2023-05-11 19:07:08,-0.9201
449,thank calling xxx gamestop xxx help hi nintendo switch stopped charging warranty come get replaced let look account whats phone number xxxxxxxxxx im seeing account another number could walmart sir youll contact walmart claim oh website say offer warranty replacement yes product sold store guy hang fuck litterally fuck,2024-08-09 13:11:14,-0.1027
444,nightwing actor game came visit today,2022-10-12 00:07:31,0.0
443,gta dropped yes still open dm didnt offer much way support store employee yes got lecture pushing pro warranty yes dm complained thing like signage pro sheet cash wrap hit fucking car,2024-01-17 21:24:15,0.8625
442,absolutely,2023-05-10 13:11:11,0.0
440,sent warehouse couldnt even assed check damn cartridge sent right,2023-06-19 19:22:44,-0.4019
437,next time kid prank call ask battletoads cannot wait tell yes got,2023-04-22 18:26:22,-0.3089
429,year old tried controller swap year old dumb update thanks upvotes downvotes people think kid made surprisethe year old exists giant end story mom ended calling apologize confirm thats happened told thanks calling alright last night sold brand new dualsense black controller really nice dude great convo one transaction make night little better yanno he kid questionits cousin got controller cousin came back today claiming white controller box woah thats totally bonkers right sl look see hand gunk crevice see dent nicely possible like yeahthiswasnt sony mistake sonys flimsy seal console always check seal product put ish new sl discussing lp stuff cant really anything mention got cousin instantly ask old cousin respectfully possible tell cousin probably trying bait switch agrees yanno he chill guy becomes saga ill update kid reading subyou arent slick,2024-01-27 03:38:06,0.9677
427,sign store area went store instead home store cuz closer return real quick poor sga started telling came open morning posted door everyone left previous night went everyone beefing dm quite time yesterday final straw guess shes literally employee left worst part dm vacation probably doesnt know yet commend sga hard work rebuilding store count making label everything poor thing,2023-08-05 19:53:59,-0.9202
423,sure fired manager week black friday three people quit found replacing whatever go king,2023-11-30 14:22:45,-0.3182
421,game informer shutting completely digital website print magazine,2024-08-02 11:57:17,0.0
420,please dont guy year old boy rn walked said know everyone work store come every tuesday he hour telling everyone walk nothing sell pointing thing month wouldnt know im usually store store empty he showing back back meme picture absolutely break segue telling story racist super horny friend reading aforementioned meme showing thing read verbatim wont leave basically question unalive mid shift use pto rest,2024-05-21 18:51:27,0.5787
411,cant believe someone traded gamestop single closing one night couple come asking trade retro game lo behold freaked little immediately checked make sure real read countless article looked photo real v fake passed test even called coworker sent detailed photo since theyre much knowledgeable also gave green light sport gameboy game offered cash everything literally everyone store talking trading u valuable eventually left werent upset honestly great time albeit little bummed couldnt get get bag duh thing hella expensive get text day later day employee called couple apparently came back traded game kinda feel bad told alternate way selling guess didnt work came back u either way super cool experience anyone else retro tradeins crazy,2023-07-04 14:19:10,-0.4426
408,guest walk say im renew membership leaf best feeling,2023-04-11 11:37:50,0.6908
407,promoted guest dm know youre reading really weird essentially threaten asking take promotion via reddit anonymously else think would end except like hand hot stove say maybe itll get motivated im one problem,2023-12-06 17:18:38,0.6051
405,tell sell used new one corporate really price new corporate bean counter seriously thought good idea least cheaper slight price difference go used new tell pitch preowned new price god damn,2023-03-13 13:21:03,0.1531
403,hilarious,2023-01-12 12:32:52,0.4019
400,fact lol,2023-05-25 04:23:12,0.4215
398,rest peace friend local gamestop gone,2024-08-11 05:08:49,0.7717
396,love new game shipped gamestop second photo new condition ridiculous,2023-10-12 20:59:02,0.4019
393,closing break closing store break something u gamestop employee used customer complaining store shut minute something ive ever seen even heard untill last week take break around ish although cant take untill customer store manager said take everyone leaf waited everyone left around ish wrote note put door came back break around line door personally never experienced soon open door man say people waiting minute state due break said oh company let yall seems abit inconsiderate say since one shut store order take break like im probably gonna leave bad review thats ridiculous ignored untill higher ups change one person store night inconsiderate,2023-06-19 08:59:10,-0.9118
392,lucked gamestop pulled trigger bought p early black friday deal spiderman looked inside saw paper download code surprise second game code happened anyone else definitely boosted feeling deal got,2023-11-21 17:02:13,0.8658
391,customer called corporate said could return clearly opened new console obviously refused return offered trade instead actual moment feel bad guy telling truth though,2023-12-09 12:47:54,-0.1779
387,felt last week,2023-02-01 20:04:02,0.0
386,remember friend,2022-09-28 15:09:55,0.4939
385,audacity customer context sl found note second store morning he sl coming early perpetual count opening task etc tend get lot people try open door listed hour havent actual note like honestly im amazed audacity come store see listed hour still make handwritten note put front door heck theyre also online notion theyd think would care slightest anyone else story customer particularly stand whether sheer entitlement otherwise im curious know,2023-10-30 14:02:43,0.8621
384,craziest day ever worked gamestop woefully aware lot store receive copy k time one store naturally deal overwhelming amount upset customer endless phone call game reserved taxing mentally physically people acting like fault game hadnt come yet kept telling customer delivery hopefully get today well give call soon often wasnt enough except two customer two dedicated nba fan opened stayed store u quite literally entire day normally id ask leave loiter nice helped keep associate calm storm fact even stood u face angry customer telling one customer saying shouldnt trust dying company yada yada one point made comment want u go find ups man well track dude laughed joke moved day half hour meant closethey saw ups man leaving nearby outlet cant make without saying anything ran outside chased like said turn distro buried back truck box got driver bring u distro dont think ive ever laughed hard life tldr sl u give worth vc free,2022-09-10 09:56:43,0.9531
381,gamestop sell single,2024-06-01 16:31:32,0.0
381,update redbull sign tarnished asl fucking cut bottom,2023-10-17 12:16:49,-0.3384
379,absolutely besides customer know yesterday man come looking trade game theyre old sport game course barely take take one thoughbutits sealed tell unable take game trying trade ncaa football p currently selling game used dollar guy sealed copy tell cant take sealed game day consider selling online need cash sealed copy game likely get come today game unsealed trade dont even like football heart ache,2024-02-20 16:25:11,-0.5733
378,would buy,2022-12-24 15:47:17,0.0
372,reservation regular cancel preorders,2023-04-29 18:55:23,-0.25
369,love checking super competent ceo twitter see statement shutting game informer seeing unhinged shit instead,2024-08-02 14:43:36,0.7783
368,butwhy,2023-07-01 10:48:14,0.0
367,bruhlol even ventrant experience im minding business working sfs order guy come greet greets sudden go full deer headlight he like whoah female working gamestop ive never seen one almost cut gamestop im like ive year bos speak wanting sell back p towards p thought initial reaction done thanks proceeds keep telling congratulation regard femaleand working gamestop weird way start week lol,2023-12-04 11:30:10,0.9324
366,fedex delivered game customer today,2023-03-25 15:44:17,0.0
363,military member got way angry pretty slow sunday part finished plano minute sold couple console people unusually snarky today thought nothing one young military member wanted buy playstation told price said woah military discount politely responded telling md new console apologized started yelling cussing front many small child store asked either calm chill language get refused either stealthily dialed let hear kept trying give chance last day friday ive trying kindest last day fifth time asked leave said id call cop didnt proceeded flash handgun waistband lucky cop came exact moment arrested seeing threaten gun feel really bad kid store hope didnt scare bad honesty f guy im glad got arrested hope yalls sunday better mine,2023-09-24 19:53:36,-0.27
359,youre welcome,2022-09-20 09:41:52,0.4588
359,absolute menace,2022-09-11 15:10:00,-0.4939
357,black friday throwback,2022-11-27 10:45:15,0.0
352,already got one trade,2023-12-20 09:05:12,0.0
352,looked tshirt tower insert youre panel tshirt store youre likely getting design im literally cry feel like punch u employee dont even give u fucking pizza anymore,2023-07-12 14:14:05,-0.1531
348,becoming spirit halloween,2022-09-23 14:23:37,0.1779
346,fuck gamestop,2024-04-20 18:05:05,-0.5423
346,someone came returned zelda pro controller collector edition needle say two gone minute sfs,2023-05-20 22:20:56,0.0
345,store got robbed week another store district got robbed happened u working alone single coverage four men ski mask surgical mask came trash bag someone run backroom two came behind cash wrap open register take till another man took beat headset controller know store reopens happens hour like im done ill handing key next time see sl personally loved job lot growing pain asl loved team loved store actually loved job team member anyone robs please hero life worth much product got call girlfriend go home see family got see old coworkers came another store check see okay,2024-08-04 22:36:10,0.9545
343,warehouse insist sending u many funko pop also scattered around store first pic nonclearance barely anyone buy store warehouse keep sending u many legitimately room weve probably long ive worked year anyone el store like,2023-11-06 17:30:27,0.3612
338,moron set bad example kid store one mimikyu gentleman come store today specifically mimikyu code promos tell yes free one per person since little copy redeem one per save anyways proclaims gamestop went gave handfull replied presume person attending generous im allowed give one copy get flustered start scream manager replied truthfully manager sir help well let say sent edge getting red face saying he gonna go corp stating havent given free code lie get fired unless give code scream show card state im allowed give one snatch card hand scratching process tell get store come back grab kid arm flip walk saying he gonna back one fucking card front kid cant deal idiot gg,2023-10-21 23:18:47,0.8694
338,,2022-09-18 19:28:58,0.0
337,two drastically different price relabled theyre exactly every function besides different color experience far color dont differ much price give,2023-07-13 17:18:24,0.0
332,fun tonight event im ghillied launch,2022-10-27 17:20:13,0.5106
331,done nothing sell tear kingdom hour straight ama,2023-05-12 11:55:19,0.2263
328,browsing console price one caught eye,2023-07-19 16:46:07,0.0
327,,2022-08-16 15:53:27,0.0
325,working gamestop embarrassing truly embarrassing tell people work gamestop there time people say course work crap like job considered lame majority public im trying get money dammit im getting shamed working gamestop doesnt help coworkers also harass daily maybe quit job pursue something fruitful,2024-07-14 12:00:25,-0.9225
325,wonder decided cut insurance k benefit,2023-11-01 14:14:55,0.2263
324,package secured gamestop employee awesome today nice want thank awesome service today,2023-04-28 11:38:43,0.9477
323,getting rid donated pokemon card small pennied item focusing favorite part job,2022-10-04 13:21:58,0.4588
322,saw picture reading description brain went ewww definitely would take trade disgusting,2022-12-20 12:07:23,-0.1779
321,fact,2022-12-13 23:41:47,0.0
320,old meme still valid,2023-10-06 06:35:28,0.0
319,gamestop scarlet violet edition metric,2022-11-26 18:10:34,0.0
319,best use pokmon coloring sheet,2022-10-19 19:57:00,0.6369
315,get cheaper amazon go buy amazon fool stop wasting time asking dumb question,2023-12-11 17:05:31,-0.8271
314,ordered gow controller got,2022-11-15 17:42:46,0.0
311,literally came box,2023-11-14 11:40:22,0.0
311,anyone el dm tell stupid thing like gutting pokmon product new one look pathetic,2024-03-06 18:46:22,-0.6808
310,sold pro membership folk came buy pre owned p warranty told theyd get purchase signed pro meaning got cent back purchase plus k point like pro actually managed sell little issue recently due pro worth dollar im flabbergasted aligned together wont get yelled pro today lol,2023-10-26 13:14:17,0.7351
308,stop sending u sht one buy fckass bandy ball buy fidget popper ball one come gamestop buy ever seen anyone buy one stop sending crap dont room,2023-05-22 15:50:13,-0.7184
307,love people trade pokemon game dont delete save data obviously rented game beforehand,2023-06-24 17:00:01,0.3761
306,gamestop employee questioning position play animal crossing youre gamer play minecraft youre gamer play candy crush youre gamer play tell tale game youre gamer play mario kart youre gamer play league legend get therapy xb play fortnite creative youre gamer xb play pokmon youre freaking gamer dont let random customer question validity gamer dont play call duty arent master apex prefer play single player story game easiest difficulty xb gamer xb gaming rule prefer play week care youre still gamer fun way play video game thats matter wear title pride im sure fun game people question place gamer,2023-05-09 11:59:23,0.989
306,bad didnt preorder got yelled guy purchasing totk didnt pre order wooden plaque himwhen didnt preorder game yall usually extra give people buy game yea extra dont even enough plaque cover preorders little someone purchasing without one,2023-05-12 22:45:56,-0.5423
305,future look forward rate,2023-01-28 13:01:59,0.0
305,see never go gamestop store ridiculously busy assume manager new hire problem helpful extended transaction least minute trying upsell absolutely everything worked retail year patient acted interested continued say could tell new guy getting watched manager man gamestop making miserable buy upselling pro insurance etc,2023-07-16 19:51:20,-0.4215
304,really trying make life difficult like get really want u push pro isnt way,2023-11-10 17:26:54,0.1513
301,still calling every minute bro im lunch expect behavior child,2023-07-29 16:30:58,0.0
300,please stop coming gas money look im empathetic person care people cannot come trade pull dont even gas money go back home controllerhdmi cordetc help best come expecting trade dont component need dont id whatever case may get angry bad decision drive gamestop gas required go back home get equipment need trade happened often trust get situation feel stop using choice emotional weapon get want wanted know everything needed phone call away would happily told everything needed bring,2023-09-10 13:02:21,0.8885
300,bought bob ross trading card dont,2023-11-17 13:55:20,0.0
299,mega thread gamestop fire ceo cancel earning call developing post find continue update june board director board company terminated matthew furlong president chief executive officer company effective immediately giving effect termination mr furlong longer employed gamestop texas ltd company affiliate subject mr furlong timely execution separation release agreement nonrevocation time provided includes release claim company affiliate mr furlong entitled receive payment benefit associated termination without cause xb item event june connection event disclosed item current report form k board appointed mr cohen executive chairman company effective immediately mr cohens responsibility include capital allocation evaluating potential investment acquisition overseeing manager company holding additionally june board appointed mr attal lead independent director board dissolved strategic planning capital allocation committee,2023-06-07 16:37:14,0.91
298,still buy trade game bro man buy digitally lol,2024-05-18 15:15:50,0.4215
298,benefit change annnnnnd keep coming,2023-11-01 16:41:04,0.4588
298,gamestop store march lol,2023-03-08 17:48:51,0.4215
298,currently cry sit dead hour yes fever help cut three hour early absolute peak business done today fucking quiet im alone christmas fucking eve wish back home family hope someone corporate see know absolutely miserable every person working tonight seriously fuck corporate fuck every single person come tonight,2023-12-24 18:15:58,-0.9132
298,based exactly insight,2023-04-12 12:58:37,0.0
297,found cleaning closet weekend recall got q,2023-05-08 10:23:10,0.0
296,push preowned first guy,2023-03-18 20:35:38,0.0
295,made dead island re call today uhh someone dead preordered back person answered phone said died year ago man literally died waiting game come,2023-04-17 14:55:19,-0.9501
295,asked id selling gta tried prove age,2022-08-17 23:44:44,0.0
295,im theyll never find,2023-01-21 23:33:14,0.0
294,customer shop gamestop today thanks encouraging corporate keep u later later every year ask u guy working late today answer late,2022-12-24 14:26:15,0.743
294,buck forever,2022-11-12 11:04:27,0.0
293,robbed gunpoint working single coverage fucking ga got robbed gunpoint money drawer piece shit store leader blamed telling aware dont give complying easy update appreciate kind word considerate message mean lot going hell definitely take everyones advice put two week notice meantime look better job im trying go armed robbery shit anyways contact hr dl let know shitty sl handled situation best luck guy fuck gamestop cheer,2023-02-27 14:29:39,-0.0788
292,havent heard thing game lol feel like randomly dropped without warning lol,2023-05-25 12:37:02,0.8456
292,feel like robbed yall long story short ended extra xbox series x promo internet dont need extra one figured id see deal get shopped around local game store ended g cause stupid deal got trade got bumped pro holiday promo refurb p went pro discount holiday promotion walked paying tax p cant get much better pic proof,2023-12-19 19:57:25,0.2718
289,dear creepy male customer ask person theyre shift talk body objectify fucking hard exercise basic human decency dont give fuck look conventionally attractive societal standard tell im lesbian mean im never nice minute decide pull age old phrase havent right guy yet impression reason youre telling shit youve sucked dick speak experience ive responded manner one customer gotten offended im fine even playing field youre man dont way congratulation im talking youre free go day im well aware men like unfortunately every time run problem perpetrator fucking man,2023-08-24 15:57:22,-0.7664
288,fake money guy came two week ago around pm trying buy grand theft auto v covered head toe tattoo face made look like idd id said anyway hand didnt notice ben franklin smiling first held light check mini portrait didnt see noticed ben franklin smiling hand back form payment guy damn knew shouldve gone bank earlier ill right back run hold game bro come back also mention said use pen itll work,2023-11-14 04:18:22,0.8519
286,,2022-10-23 12:09:59,0.0
286,told cut payroll send people home single coverage store robbed payroll ask spent two hour help process box received last week trying maintain pro warranty reason corporate said want u count shirt week really smart dl came asked much product back still comment called someone two hour later get call saying need cut labor single coverage night great neighborhood lead robbery traumatized staff member want quit argument talk,2023-11-15 23:00:53,0.4576
284,,2023-03-16 02:23:11,0.0
284,thing made shit giggle coworker figured yall might get kick lol,2024-07-09 23:47:49,0.25
283,ordered v got kinda upset didnt get ordered slightly confused happened,2024-01-05 13:02:09,-0.5129
281,still selling sims beyond still taking trade in game putting shelf free doesnt even come download content like copy among u fortnite someone try buy im straight going tell download free,2023-05-21 15:02:25,0.875
281,marvelous switch traded day,2022-09-04 22:33:59,0.5994
280,dear gamestop employee thank anyone currently employee thank guy made easy go shop ask question try new game find whatever looking thank making safe place go talk one passion cant tell many time particular situation felt like life count walking local gamestop helped employee always happy chat thing werent busy ive sub week really sadden much thing changed anyone reading matter matter thing end wish nothing best future endeavor thank much love one kid always came edit typo,2023-03-22 12:22:09,0.9762
278,manager who gamestop almost year leaving made,2023-06-19 23:44:50,0.0
278,happy mario day store,2023-03-10 12:08:38,0.5719
278,man fuck controller yesterday real cool dude come asked cheapest p controller could get refurbished white dualsense sense duty test refurbished controller front everyone buy one definitely anyone request please tell tested refurbished controller every one stick drift hell going warehouse selling shit dollar giving warranty exchange damn well better giving people working product sick pushing broken bullshit people come every part city two day purchase return said broken bullshit shit infuriates everyone involved deserves better,2024-01-14 14:42:57,-0.9709
278,okay diablo people worse zelda pokmon people pokmon zelda preorders much nicer bitchy neckbeards play diablo,2023-06-06 14:53:01,-0.0516
278,thing started sga worked way whole year,2023-01-29 22:43:26,0.0
277,first guest day already need drink guy pacing outside store cold minute come open bought new switch doesnt play tv wanna return opened unfortunately cannot return receipt per return policy system opened cannot return cant give cash back sir unless wish sell back x value cant get full back sir game bought return preowned purchased within holiday return policy sure check return okay sir need card cant get cash back gotta go back card forget proceeds leave store time go im writing walk back fucking store wish luck lmao,2024-01-08 10:14:29,0.9363
277,fun lasted,2023-06-01 03:10:52,0.5106
277,employee gave warranty said didnt want got lie p yesterday employee asked wanted warranty game said always view warranty pointless unless cant take care thing get home realize there warranty charge move anything update called gamestop support online told manager store email within business day honestly would let go agree reported intentionally done customer,2023-10-11 12:49:48,0.6542
277,ai create image prompt gamestop employee think captured soul employee really well,2022-09-08 23:41:48,0.5413
276,promoted guestfor defending protecting two scared guest wellmy year run company ended today last month issue guy store two people got unruly kicked got assaulted clock moved behind counter putting guy clearly mad two teenager scared mind wrong giving room escape known lp issue store three murder two stabbings recent armed robbery understaffed security team none armed three absent law enforcement bureau oversee crime around mall wasnt going receive help way get touch guard im aware didnt shouldnt come around front cashwrap guy two handler slightly wrestling didnt alternative paid price getting kicked ensuing fight resulted hand fractured two place absolutely agree couldve stayed behind counter firmly believe two guest store would still danger made decision right one got fired today aski dont regret safety two kid important american soldier vet foreign war still feel putting middle people escape situation right one anywayafter year store ive part helped im customer still wouldnt change decision takethispotatoyoubastard,2024-02-09 15:41:45,-0.9681
276,anyone bought used yet genuinely wanna know complaint feedback people gamestop made controller,2023-07-25 15:06:12,-0.296
276,whole store bogo read whole sign say clearance going business everything clearance every retail store existence clearance section cause promoting doesnt mean store closing see bogo get p yeah total thought thought wrong read damn sign ive gotten point literally passive aggressively either point sign read sign properly near everyone dumb question,2023-05-28 15:27:13,-0.7096
274,p really one right guy wanna go home,2023-03-23 19:24:00,0.0
273,corporate like,2023-05-28 16:56:31,0.3612
272,gotham knight shrine,2022-10-04 19:10:17,0.0
272,general public decliningright p tax used thats physical right yes sir physical version oh digital nno sir physical digital physical oh mean asked physical version put cd whats hung,2023-10-28 17:01:32,0.4019
271,gamestop employee ok im longtime customer pro account usually buy least one game month past couple month employee local gamestops started acting extra miserable two week ago clerk literally begged buy warranty used game dude damn near tear yesterday saw two employee argue would ring got super aggressive upsell attempt angrily berated turned warranty ruining metric ive shopped gamestop year never given hard time warranty recent unpleasant experience changed,2024-03-18 08:20:51,-0.8557
270,found,2023-01-16 18:19:33,0.0
270,hello val,2022-08-21 09:19:08,0.0
269,cubone g employee costume halloween handing candy kid tomorrow,2022-10-30 17:40:55,0.0
267,look better curiosity would like know version trading card section look better first image second one sl changed first time,2023-04-25 16:43:49,0.8074
267,friend playing k cant kidding grown adult man call ask pick k tonight prepay come back tonight well friend playing shit right ii dont know youd ask ok cuz like friend already playing right wanna play cant get,2023-09-07 12:20:20,0.946
265,dont please dont hit female employee especially feel cornered unsafe,2023-03-04 18:32:17,-0.5172
264,men female employee certain guy come feel need ask variation play game act surprised actually know im talking even betterworse proceed ask favorite game dismiss arent exact one deem real game dude im shit giggle dont know im talking favorite game mostly nintendo game irritating tired holierthanthou customer gtfoh eta get theyre trying make conversation usually tell respect one ask question purely im woman bug male coworkers never get asked question also youre telling get youre part problem sweetheart,2024-06-08 18:24:07,0.8555
262,school closed last night bout pm daycare closed morning snow isnt going stop till bout pm today im still expected open amfor one customer going come look let start digging car ig,2024-01-12 09:01:47,0.2235
262,dont condone violence think lot,2023-05-11 15:22:03,0.5096
260,corporate like,2022-09-11 20:03:43,0.3612
259,leaving gamestop sl let go declining offer work store working year promoted customer hate leave cant work company anymore people made great,2023-05-19 20:57:14,0.4588
259,considering havent worked gamestop year store closed ill post,2023-01-30 21:00:20,-0.4215
258,got threatened phone tonight last night even get started yes already reported incident everyone needed know aware returning title say someone called asking console price unhappy number gave point said roll air place grab dont know someone say going air place going shoot already one foot door thanks lack pay travel going least wait something else lined refuse stick around find serious baby boy way gonna let grow without parent corporate overlord regular super cool getting share gaming knowledge great come end peace gamestop,2023-12-15 19:41:52,0.8591
257,scammed,2023-04-23 18:48:30,0.0
256,gamestop didnt hold switch ordered nintendo switch email said theyd hold day instore pickup went pick three day later oh im sorry released refunded hold day wait fund returned account purchase somewhere else also hoping wherewithal give back redeemed point stupid company love pushing customer away edit called customer service gave back point question asked,2024-02-15 10:11:39,0.6808
256,collector,2024-03-25 02:34:09,0.0
255,gamestopfedex lost order refused refundreplace whats best ordered lot item pro week one largest package supposed reach oct th home entire day really looked forward pokemon upc finally said package delayed th waited delayed th suddenly said delivered outside garage home fedex usually ring bell went nothing asked delivery proof nothing aside totally useless image called fedex asked reach sender called gamestop rejected replacementrefund saying courier claimed package delivered question im totally done shit company whats worst also renewed pro membership week wanna charge back everything possible im afraid banned im done thanks,2023-10-18 17:37:56,-0.894
255,buy mrated game kid could possibly older friend definitely younger ask driver license say youre older actual response legoland driver license say youre dad call phone say okay dad come store buy show footage playing cod point literally nothing say make situation end rated game hand meanwhile im middle trade ive gotta tell poor guy cant take old k game one take gonna net please leave alone silence infant,2023-09-09 15:43:00,0.8316
255,whomever charge ordering shit store love everything universe stop funko pop jfc dont enough room shit like nearly store funko gamestop supposed stg imma yeet plastic piece absolute dog shit sun pop sitting store year one want might stop,2023-06-16 14:23:26,-0.802
254,reality training,2023-07-16 14:44:27,0.0
254,awsome guy came gave u goody release last night totk gamestop thanks forgot ur name thank guy,2023-05-12 15:18:43,0.6597
253,really feel work cant wait run four store make minimum wage,2023-02-12 08:48:04,0.0
253,ashamed youre barbarian,2022-08-26 12:45:53,-0.4767
252,respond email,2022-10-30 11:51:07,0.0
252,one awesome regular come give coworker youre seeing thank,2023-07-07 17:37:46,0.765
250,say shop gamestop guarantee many people even one anymore use mine every time walk gamestop,2024-08-03 07:54:48,0.25
248,retailer make manager submit weekly bathroom photo always felt like little much,2023-05-29 14:33:37,0.3612
247,cleaning register counter found along receipt lol,2023-04-13 15:58:14,0.4215
